{"stats":{"minecraft:mined":{"iceandfire:silver_ore":9,"minecraft:granite":3,"minecraft:infested_cobblestone":1,"minecraft:grass_block":2,"minecraft:poppy":1,"regions_unexplored:silt_dirt":2,"iceandfire:deepslate_silver_ore":2,"minecraft:cobblestone":2,"minecraft:deepslate_gold_ore":8,"minecraft:lapis_ore":5,"minecraft:diorite":9,"regions_unexplored:pointed_redstone":1,"minecraft:furnace":4,"regions_unexplored:redstone_bud":3,"minecraft:iron_ore":67,"minecraft:cobbled_deepslate":1,"minecraft:andesite":10,"minecraft:deepslate_lapis_ore":11,"minecraft:grass":2,"minecraft:coal_ore":38,"minecraft:deepslate_iron_ore":9,"regions_unexplored:silver_birch_log":29,"minecraft:gravel":2,"minecraft:dirt":9,"minecraft:stone":225,"minecraft:gold_ore":6,"minecraft:deepslate":42,"regions_unexplored:redstone_bulb":11,"minecraft:infested_deepslate":10},"minecraft:used":{"minecraft:stone_pickaxe":345,"minecraft:wooden_pickaxe":48,"minecraft:torch":16,"minecraft:crafting_table":4,"minecraft:iron_axe":14,"minecraft:iron_pickaxe":90,"minecraft:stone_axe":65,"minecraft:cobblestone":23,"minecraft:furnace":6,"minecraft:cooked_beef":7,"minecraft:cobbled_deepslate":7},"minecraft:dropped":{"minecraft:gravel":2,"minecraft:wheat_seeds":2,"minecraft:dirt":16,"minecraft:iron_axe":1,"regions_unexplored:pointed_redstone":1,"regions_unexplored:silt_dirt":4,"minecraft:redstone":4},"minecraft:custom":{"minecraft:interact_with_furnace":40,"minecraft:mob_kills":23,"minecraft:interact_with_crafting_table":12,"minecraft:open_barrel":2,"minecraft:pot_flower":1,"minecraft:time_since_death":47992,"minecraft:sleep_in_bed":1,"minecraft:time_since_rest":17038,"minecraft:sprint_one_cm":29409,"minecraft:damage_taken":598,"minecraft:walk_one_cm":172984,"minecraft:drop":13,"minecraft:damage_dealt":3009,"minecraft:fly_one_cm":45333,"minecraft:open_chest":8,"minecraft:crouch_one_cm":2441,"minecraft:play_time":47992,"tombstone:undead_killed":3,"minecraft:sneak_time":2653,"minecraft:jump":474,"minecraft:total_world_time":47992,"minecraft:interact_with_smoker":2,"minecraft:fall_one_cm":13590},"minecraft:broken":{"minecraft:stone_pickaxe":2},"minecraft:crafted":{"minecraft:cooked_beef":16,"iceandfire:silver_ingot":9,"minecraft:crafting_table":4,"minecraft:iron_helmet":1,"minecraft:wooden_pickaxe":1,"minecraft:furnace":6,"minecraft:birch_planks":112,"minecraft:stone_axe":1,"shieldexp:iron_shield":1,"minecraft:iron_boots":1,"minecraft:iron_chestplate":1,"minecraft:stick":24,"minecraft:iron_ingot":82,"minecraft:iron_pickaxe":1,"minecraft:stone_pickaxe":3,"minecraft:gold_ingot":6,"minecraft:iron_leggings":1,"minecraft:torch":32},"minecraft:killed":{"spore:inf_player":1,"minecraft:spider":2,"minecraft:creeper":4,"minecraft:zombie":3,"minecraft:silverfish":4,"minecraft:cow":8},"minecraft:picked_up":{"regions_unexplored:pointed_redstone":1,"minecraft:andesite":10,"minecraft:leather":8,"regions_unexplored:silt_dirt":4,"minecraft:gunpowder":5,"minecraft:lapis_lazuli":103,"minecraft:string":4,"minecraft:dirt":19,"minecraft:iron_axe":1,"minecraft:wheat_seeds":3,"minecraft:cobbled_deepslate":41,"minecraft:raw_gold":14,"minecraft:beef":16,"spore:mutated_fiber":2,"minecraft:furnace":4,"minecraft:raw_iron":76,"minecraft:gravel":2,"minecraft:diorite":9,"minecraft:redstone":4,"minecraft:rotten_flesh":3,"regions_unexplored:redstone_bulb":11,"regions_unexplored:silver_birch_log":28,"minecraft:granite":3,"iceandfire:raw_silver":11,"minecraft:coal":57,"minecraft:cobblestone":227}},"DataVersion":3465}