{"stats":{"minecraft:mined":{"iceandfire:silver_ore":2,"regions_unexplored:pointed_redstone":1,"minecraft:iron_ore":43,"minecraft:andesite":7,"minecraft:granite":1,"minecraft:grass":2,"minecraft:grass_block":2,"minecraft:coal_ore":25,"minecraft:poppy":1,"regions_unexplored:silt_dirt":2,"regions_unexplored:silver_birch_log":29,"minecraft:gravel":2,"minecraft:dirt":9,"minecraft:stone":210,"minecraft:diorite":9,"regions_unexplored:redstone_bulb":9},"minecraft:used":{"minecraft:stone_pickaxe":264,"minecraft:wooden_pickaxe":48,"minecraft:torch":4,"minecraft:stone_axe":59,"minecraft:crafting_table":3,"minecraft:furnace":2,"minecraft:cooked_beef":3},"minecraft:dropped":{"minecraft:gravel":2,"minecraft:dirt":16,"minecraft:wheat_seeds":2,"regions_unexplored:pointed_redstone":1,"regions_unexplored:silt_dirt":4},"minecraft:broken":{"minecraft:stone_pickaxe":1},"minecraft:custom":{"minecraft:time_since_rest":23992,"minecraft:sprint_one_cm":25256,"minecraft:interact_with_furnace":11,"minecraft:damage_taken":215,"minecraft:walk_one_cm":90797,"minecraft:mob_kills":15,"minecraft:drop":8,"minecraft:damage_dealt":2176,"minecraft:interact_with_crafting_table":4,"minecraft:fly_one_cm":42980,"tombstone:undead_killed":1,"minecraft:crouch_one_cm":1131,"minecraft:play_time":23992,"minecraft:sneak_time":1098,"minecraft:jump":327,"minecraft:time_since_death":23992,"minecraft:total_world_time":23992,"minecraft:fall_one_cm":9944},"minecraft:crafted":{"minecraft:cooked_beef":16,"minecraft:crafting_table":3,"minecraft:stick":16,"minecraft:wooden_pickaxe":1,"minecraft:stone_pickaxe":2,"minecraft:furnace":2,"minecraft:torch":12,"minecraft:birch_planks":112,"minecraft:stone_axe":1},"minecraft:killed":{"minecraft:zombie":1,"spore:inf_player":1,"minecraft:spider":2,"minecraft:creeper":3,"minecraft:cow":8},"minecraft:picked_up":{"regions_unexplored:pointed_redstone":1,"minecraft:raw_iron":42,"minecraft:andesite":7,"minecraft:leather":8,"regions_unexplored:silt_dirt":4,"minecraft:gravel":2,"minecraft:diorite":9,"minecraft:gunpowder":3,"minecraft:dirt":19,"minecraft:string":2,"minecraft:rotten_flesh":1,"regions_unexplored:redstone_bulb":9,"minecraft:wheat_seeds":3,"regions_unexplored:silver_birch_log":28,"minecraft:granite":1,"minecraft:beef":16,"spore:mutated_fiber":2,"minecraft:coal":25,"iceandfire:raw_silver":2,"minecraft:cobblestone":210}},"DataVersion":3465}