{"stats":{"minecraft:mined":{"minecraft:grass":2,"minecraft:grass_block":2,"minecraft:poppy":1,"regions_unexplored:silt_dirt":2,"regions_unexplored:silver_birch_log":29,"minecraft:dirt":6,"minecraft:stone":48},"minecraft:used":{"minecraft:wooden_pickaxe":48,"minecraft:stone_axe":47,"minecraft:crafting_table":2,"minecraft:furnace":2,"minecraft:cooked_beef":1},"minecraft:dropped":{"minecraft:dirt":16,"minecraft:wheat_seeds":1,"regions_unexplored:silt_dirt":4},"minecraft:custom":{"minecraft:time_since_rest":11992,"minecraft:sprint_one_cm":24872,"minecraft:interact_with_furnace":8,"minecraft:damage_taken":135,"minecraft:walk_one_cm":42776,"minecraft:mob_kills":11,"minecraft:drop":5,"minecraft:damage_dealt":1375,"minecraft:interact_with_crafting_table":3,"minecraft:fly_one_cm":42353,"minecraft:play_time":11992,"minecraft:sneak_time":3,"minecraft:jump":267,"minecraft:time_since_death":11992,"minecraft:total_world_time":11992,"minecraft:fall_one_cm":8422},"minecraft:crafted":{"minecraft:cooked_beef":7,"minecraft:crafting_table":2,"minecraft:stick":8,"minecraft:wooden_pickaxe":1,"minecraft:stone_pickaxe":1,"minecraft:furnace":2,"minecraft:birch_planks":112,"minecraft:stone_axe":1},"minecraft:killed":{"spore:inf_player":1,"minecraft:spider":2,"minecraft:cow":8},"minecraft:picked_up":{"minecraft:leather":8,"regions_unexplored:silt_dirt":4,"minecraft:dirt":16,"minecraft:string":2,"minecraft:wheat_seeds":2,"regions_unexplored:silver_birch_log":28,"minecraft:beef":16,"spore:mutated_fiber":2,"minecraft:cobblestone":48}},"DataVersion":3465}