{"stats":{"minecraft:custom":{"minecraft:mob_kills":74,"minecraft:interact_with_anvil":1,"minecraft:interact_with_crafting_table":19,"minecraft:open_barrel":8,"minecraft:damage_dealt_resisted":177,"minecraft:leave_game":3,"minecraft:time_since_death":8000,"minecraft:sprint_one_cm":43574,"minecraft:walk_one_cm":428460,"minecraft:drop":55,"minecraft:play_time":120071,"minecraft:deaths":9,"minecraft:sneak_time":4001,"minecraft:walk_under_water_one_cm":2528,"minecraft:jump":957,"minecraft:interact_with_blast_furnace":4,"minecraft:walk_on_water_one_cm":3345,"minecraft:total_world_time":120071,"minecraft:interact_with_furnace":75,"minecraft:time_since_rest":7174,"minecraft:damage_taken":4223,"minecraft:trigger_trapped_chest":11,"minecraft:damage_dealt":7531,"minecraft:swim_one_cm":500,"minecraft:fly_one_cm":65001,"minecraft:open_chest":4,"minecraft:crouch_one_cm":4204,"tombstone:undead_killed":9,"minecraft:fall_one_cm":11761},"minecraft:picked_up":{"minecraft:crafting_table":6,"spore:mutated_heart":8,"minecraft:chicken":2,"minecraft:golden_pickaxe":1,"regions_unexplored:magnolia_log":2,"minecraft:enchanted_book":1,"minecraft:string":4,"minecraft:raw_copper":68,"minecraft:cobbled_deepslate":84,"minecraft:iron_pickaxe":2,"minecraft:light_gray_wool":2,"minecraft:birch_sapling":1,"minecraft:egg":1,"minecraft:furnace":17,"minecraft:stick":5,"minecraft:raw_iron":85,"spore:wing_membrane":2,"minecraft:torch":1,"tombstone:grave_dust":3,"minecraft:diorite":51,"minecraft:tnt":1,"minecraft:arrow":12,"minecraft:rotten_flesh":32,"minecraft:mutton":12,"minecraft:white_wool":5,"minecraft:cobblestone":316,"minecraft:birch_log":6,"minecraft:feather":2,"minecraft:flint":2,"minecraft:tuff":2,"minecraft:oak_log":14,"minecraft:gunpowder":11,"minecraft:lapis_lazuli":161,"minecraft:dirt":9,"minecraft:bone":13,"regions_unexplored:magnolia_planks":3,"minecraft:raw_gold":23,"spore:mutated_fiber":49,"artifacts:antidote_vessel":1,"tacz:gun_smith_table":5,"minecraft:oak_planks":2,"spore:cerebrum":3,"spore:armor_fragment":2,"minecraft:gravel":19,"minecraft:blast_furnace":4,"minecraft:dead_bush":1,"minecraft:spider_eye":2,"travelersbackpack:standard":1,"spore:claw_fragment":5,"minecraft:diamond":14,"tacz:modern_kinetic_gun":1,"minecraft:crossbow":1,"minecraft:granite":30,"tombstone:magic_scroll":1,"spore:spine_fragment":1,"minecraft:oak_sapling":3,"minecraft:coal":148,"iceandfire:raw_silver":17},"minecraft:mined":{"minecraft:diamond_ore":6,"minecraft:tuff":2,"iceandfire:silver_ore":17,"minecraft:deepslate_diamond_ore":8,"regions_unexplored:magnolia_log":2,"minecraft:granite":27,"minecraft:grass_block":2,"regions_unexplored:magnolia_leaves":2,"spore:acid":6,"tacz:gun_smith_table":5,"minecraft:furnace":14,"minecraft:iron_ore":67,"minecraft:cobbled_deepslate":2,"minecraft:andesite":1,"minecraft:deepslate_lapis_ore":12,"minecraft:deepslate_iron_ore":16,"minecraft:stone":305,"spore:growths_big":1,"minecraft:crafting_table":6,"minecraft:torch":1,"minecraft:blast_furnace":2,"minecraft:copper_ore":7,"minecraft:cobblestone":4,"minecraft:lapis_ore":14,"minecraft:deepslate_gold_ore":8,"minecraft:diorite":52,"minecraft:deepslate_copper_ore":10,"minecraft:birch_log":6,"minecraft:birch_leaves":2,"minecraft:tnt":1,"minecraft:oak_log":14,"minecraft:coal_ore":51,"minecraft:gravel":12,"minecraft:dirt":3,"minecraft:gold_ore":15,"minecraft:oak_leaves":13,"minecraft:deepslate":66,"spore:remains":2},"minecraft:dropped":{"regions_unexplored:magnolia_planks":3,"minecraft:golden_pickaxe":1,"minecraft:cobblestone":146,"minecraft:granite":30,"minecraft:dirt":4,"minecraft:diorite":40,"tombstone:grave_dust":3,"minecraft:dead_bush":1,"minecraft:string":1,"minecraft:gravel":19,"minecraft:furnace":3,"minecraft:cobbled_deepslate":86,"minecraft:raw_copper":7,"minecraft:tuff":2,"tombstone:gift":2,"minecraft:rotten_flesh":31,"minecraft:light_gray_wool":2,"minecraft:oak_sapling":1,"minecraft:spider_eye":1,"minecraft:wooden_pickaxe":1,"minecraft:egg":1},"minecraft:broken":{"minecraft:stone_pickaxe":1,"minecraft:iron_pickaxe":2},"minecraft:used":{"iceandfire:silver_sword":81,"tacz:gun_smith_table":5,"minecraft:cooked_chicken":2,"minecraft:rotten_flesh":1,"minecraft:torch":42,"minecraft:dirt":5,"minecraft:wooden_axe":23,"minecraft:iron_axe":3,"minecraft:birch_sapling":1,"minecraft:oak_sapling":2,"minecraft:furnace":16,"tombstone:gift":4,"simplyswords:soulstealer":17,"minecraft:cooked_beef":9,"minecraft:cooked_mutton":12,"minecraft:diorite":11,"minecraft:stone_pickaxe":131,"minecraft:wooden_pickaxe":15,"minecraft:crafting_table":7,"minecraft:oak_log":3,"minecraft:diamond_pickaxe":39,"minecraft:iron_pickaxe":545,"tombstone:grave_key":1,"minecraft:stone_axe":67,"minecraft:cobblestone":36},"minecraft:killed":{"spore:braiomil":1,"minecraft:spider":5,"minecraft:skeleton":4,"minecraft:chicken":2,"spore:spitter":1,"artifacts:mimic":1,"spore:inf_player":6,"spore:brute":1,"minecraft:creeper":11,"spore:inf_pillager":6,"minecraft:sheep":7,"spore:inf_villager":4,"spore:inf_human":14,"minecraft:zombie":5,"spore:inf_witch":2,"spore:busser":2,"minecraft:enderman":1},"minecraft:crafted":{"minecraft:oak_planks":16,"minecraft:cooked_chicken":2,"minecraft:furnace":3,"shieldexp:iron_shield":1,"minecraft:cooked_mutton":12,"tombstone:grave_key":1,"minecraft:stone_pickaxe":1,"regions_unexplored:magnolia_planks":8,"iceandfire:silver_ingot":8,"minecraft:crafting_table":1,"minecraft:wooden_pickaxe":1,"tacz:gun_smith_table":1,"minecraft:copper_ingot":36,"minecraft:oak_wood":3,"minecraft:birch_planks":24,"minecraft:stone_axe":1,"iceandfire:armor_silver_metal_helmet":1,"minecraft:stick":16,"minecraft:iron_ingot":79,"minecraft:iron_pickaxe":2,"minecraft:wooden_axe":1,"minecraft:iron_block":1,"minecraft:gold_ingot":18,"minecraft:torch":40,"iceandfire:silver_sword":1,"minecraft:diamond_chestplate":1}},"DataVersion":3465}