{"stats":{"minecraft:mined":{"iceandfire:silver_ore":9,"minecraft:granite":1,"minecraft:grass_block":2,"minecraft:poppy":1,"regions_unexplored:silt_dirt":2,"minecraft:lapis_ore":5,"minecraft:diorite":9,"regions_unexplored:pointed_redstone":1,"regions_unexplored:redstone_bud":3,"minecraft:iron_ore":67,"minecraft:andesite":10,"minecraft:deepslate_lapis_ore":5,"minecraft:grass":2,"minecraft:coal_ore":38,"regions_unexplored:silver_birch_log":29,"minecraft:gravel":2,"minecraft:dirt":9,"minecraft:stone":225,"minecraft:deepslate":14,"regions_unexplored:redstone_bulb":11},"minecraft:used":{"minecraft:stone_pickaxe":345,"minecraft:wooden_pickaxe":48,"minecraft:torch":11,"minecraft:crafting_table":4,"minecraft:iron_pickaxe":10,"minecraft:stone_axe":65,"minecraft:cobblestone":14,"minecraft:furnace":6,"minecraft:cooked_beef":5,"minecraft:cobbled_deepslate":1},"minecraft:dropped":{"minecraft:gravel":2,"minecraft:wheat_seeds":2,"minecraft:dirt":16,"regions_unexplored:pointed_redstone":1,"regions_unexplored:silt_dirt":4,"minecraft:redstone":4},"minecraft:custom":{"minecraft:interact_with_furnace":25,"minecraft:mob_kills":16,"minecraft:interact_with_crafting_table":9,"minecraft:open_barrel":1,"minecraft:pot_flower":1,"minecraft:time_since_death":35992,"minecraft:sleep_in_bed":1,"minecraft:time_since_rest":5038,"minecraft:sprint_one_cm":25451,"minecraft:damage_taken":395,"minecraft:walk_one_cm":128257,"minecraft:drop":12,"minecraft:damage_dealt":2377,"minecraft:fly_one_cm":43020,"minecraft:open_chest":5,"minecraft:crouch_one_cm":1822,"minecraft:play_time":35992,"tombstone:undead_killed":2,"minecraft:sneak_time":1941,"minecraft:jump":392,"minecraft:total_world_time":35992,"minecraft:interact_with_smoker":2,"minecraft:fall_one_cm":11301},"minecraft:broken":{"minecraft:stone_pickaxe":2},"minecraft:crafted":{"minecraft:cooked_beef":16,"minecraft:crafting_table":4,"minecraft:wooden_pickaxe":1,"minecraft:furnace":6,"minecraft:birch_planks":112,"minecraft:stone_axe":1,"shieldexp:iron_shield":1,"minecraft:iron_chestplate":1,"minecraft:stick":16,"minecraft:iron_ingot":44,"minecraft:iron_pickaxe":1,"minecraft:stone_pickaxe":3,"minecraft:iron_leggings":1,"minecraft:torch":12},"minecraft:killed":{"spore:inf_player":1,"minecraft:spider":2,"minecraft:creeper":3,"minecraft:zombie":2,"minecraft:cow":8},"minecraft:picked_up":{"regions_unexplored:pointed_redstone":1,"minecraft:andesite":10,"minecraft:leather":8,"regions_unexplored:silt_dirt":4,"minecraft:gunpowder":3,"minecraft:lapis_lazuli":66,"minecraft:string":2,"minecraft:dirt":19,"minecraft:wheat_seeds":3,"minecraft:cobbled_deepslate":13,"minecraft:beef":16,"spore:mutated_fiber":2,"minecraft:raw_iron":67,"minecraft:gravel":2,"minecraft:diorite":9,"minecraft:redstone":4,"minecraft:rotten_flesh":3,"regions_unexplored:redstone_bulb":11,"regions_unexplored:silver_birch_log":28,"minecraft:granite":1,"iceandfire:raw_silver":9,"minecraft:coal":38,"minecraft:cobblestone":225}},"DataVersion":3465}